{"cameraMode":{"drawMode":0,"name":"Shaded","section":"Shading Mode"},"sceneLighting":false,"audioPlay":false,"sceneViewState":{"m_AlwaysRefresh":false,"showFog":true,"showSkybox":false,"showFlares":true,"showImageEffects":true,"showParticleSystems":true,"showVisualEffectGraphs":true,"m_FxEnabled":true},"in2DMode":false,"pivot":{"x":-0.1850000023841858,"y":0.41586989164352419,"z":-1.3049999475479127},"rotation":{"x":0.0642569437623024,"y":0.022303631529211999,"z":-0.0013469619443640113,"w":0.997698962688446},"size":0.81446373462677,"orthographic":false}