{"cameraMode":{"drawMode":0,"name":"Shaded","section":"Shading Mode"},"sceneLighting":true,"audioPlay":false,"sceneViewState":{"m_AlwaysRefresh":false,"showFog":true,"showSkybox":true,"showFlares":true,"showImageEffects":true,"showParticleSystems":true,"showVisualEffectGraphs":true,"m_FxEnabled":true},"in2DMode":false,"pivot":{"x":-0.01699931174516678,"y":0.5659857988357544,"z":-19.61389923095703},"rotation":{"x":0.12021256238222122,"y":0.6420360803604126,"z":-0.10276363790035248,"w":0.7502055168151856},"size":1.5178594589233399,"orthographic":false}